{"f1": 0.2163713478276486, "macs": 72065705.0, "score_f1": 0.7406241335079734, "score_macs": 5.198213257452833, "score": 5.938837390960806, "_runtime": 661, "_timestamp": 1622188400, "_step": 2}