{"f1": 0.092194946698756, "macs": 4257281.0, "score_macs": 0.30708441046822554, "score_f1": 0.8894810037176265, "score": 1.196565414185852, "_runtime": 176, "_timestamp": 1622164270, "_step": 3}