{"f1": 0.09185254139929849, "macs": 4214841.0, "score_macs": 0.3040231461588526, "score_f1": 0.8898914631991147, "score": 1.1939146093579673, "_runtime": 549, "_timestamp": 1622154484, "_step": 5}