{"f1": 0.2109774906587065, "macs": 177939113.0, "score_f1": 0.747090037570479, "score_macs": 12.835029591620561, "score": 13.580663617933213, "_runtime": 814, "_timestamp": 1622191178, "_step": 19, "img_size": 352.0, "batch_size": 64, "lr": 0.0008048593268591039}