{"f1": 0.05944688483183131, "macs": 4214841.0, "score_macs": 0.3040231461588526, "score_f1": 0.928737850836932, "score": 1.2327609969957847, "_runtime": 178, "_timestamp": 1622164838, "_step": 4}