{"f1": 0.07722643486182733, "macs": 4214841.0, "score_macs": 0.3040231461588526, "score_f1": 0.9074245566269152, "score": 1.211447702785768, "_runtime": 201, "_timestamp": 1622167725, "_step": 9}