{"f1": 0.09145229703911552, "macs": 4221081.0, "score_macs": 0.30447324722601776, "score_f1": 0.8903712574453182, "score": 1.194844504671336, "_runtime": 173, "_timestamp": 1622171176, "_step": 15}