{"f1": 0.0890270507038072, "macs": 4221081.0, "score_macs": 0.30447324722601776, "score_f1": 0.8932785294847672, "score": 1.1977517767107848, "_runtime": 661, "_timestamp": 1622152021, "_step": 1}