{"f1": 0.21794758325112265, "macs": 36774569.0, "score_f1": 0.738734616097911, "score_macs": 2.6526078127302575, "score": 3.3913424288281684, "_runtime": 605, "_timestamp": 1622189659, "_step": 2}