{"f1": 0.21035604564784552, "macs": 36774569.0, "score_f1": 0.7478349968258864, "score_macs": 2.6526078127302575, "score": 3.400442809556144, "_runtime": 610, "_timestamp": 1622185812, "_step": 2}