{"f1": 0.08633542272584277, "macs": 4214841.0, "score_macs": 0.3040231461588526, "score_f1": 0.8965051273964963, "score": 1.2005282735553489, "_runtime": 632, "_timestamp": 1622151355, "_step": 0}