{"f1": 0.0762196662019357, "macs": 4214841.0, "score_macs": 0.3040231461588526, "score_f1": 0.9086314238768453, "score": 1.2126545700356979, "_runtime": 195, "_timestamp": 1622162801, "_step": 1}