{"f1": 0.21219640239648055, "macs": 36774569.0, "score_f1": 0.7456288631065925, "score_macs": 2.6526078127302575, "score": 3.39823667583685, "_runtime": 620, "_timestamp": 1622187734, "_step": 2}