{"score": 1.2008896388528103, "img_size": 3, "batch_size": 64, "lr": 0.0004653166498991393, "_runtime": 1, "_timestamp": 1622174115, "_step": 19}