{"f1": 0.2129001212380136, "macs": 52949673.0, "score_f1": 0.7447852778254452, "score_macs": 3.819343641561438, "score": 4.564128919386883, "_runtime": 644, "_timestamp": 1622189049, "_step": 2}