{"f1": 0.09212118688071554, "macs": 4221081.0, "score_macs": 0.30447324722601776, "score_f1": 0.889569423542657, "score": 1.1940426707686749, "_runtime": 172, "_timestamp": 1622168332, "_step": 10}