{"f1": 0.09846050610295021, "macs": 41561.0, "score_f1": 0.8819701437269837, "score_macs": 0.0029978606494309216, "score": 0.8849680043764147, "_runtime": 517, "_timestamp": 1622176387, "_step": 2}