{"f1": 0.08620181897391922, "macs": 4214841.0, "score_macs": 0.3040231461588526, "score_f1": 0.896665285334549, "score": 1.2006884314934017, "_runtime": 601, "_timestamp": 1622153930, "_step": 4}