{"f1": 0.06287895508926891, "macs": 4257281.0, "score_macs": 0.30708441046822554, "score_f1": 0.9246236453017634, "score": 1.2317080557699889, "_runtime": 285, "_timestamp": 1622162010, "_step": 0}