{"f1": 0.21639014865118267, "macs": 94122665.0, "score_f1": 0.7406015959587837, "score_macs": 6.789216660404443, "score": 7.529818256363226, "_runtime": 694, "_timestamp": 1622190358, "_step": 2}