{"f1": 0.09107239007873454, "macs": 41561.0, "score_f1": 0.8908266721664655, "score_macs": 0.0029978606494309216, "score": 0.8938245328158965, "_runtime": 178, "_timestamp": 1622175835, "_step": 0}