{"f1": 0.20832155920048812, "macs": 36774569.0, "score_f1": 0.7502738441614863, "score_macs": 2.6526078127302575, "score": 3.402881656891744, "_runtime": 615, "_timestamp": 1622186432, "_step": 2}