{"f1": 0.21927230942006198, "macs": 52949673.0, "score_f1": 0.7371465962358403, "score_macs": 3.819343641561438, "score": 4.556490237797279, "_runtime": 668, "_timestamp": 1622183925, "_step": 2}