{"f1": 0.2945673228629781, "macs": 368698913.0, "score_macs": 26.594835609601667, "score_f1": 0.6468864506557443, "score": 27.241722060257413, "_runtime": 838, "_timestamp": 1622107867, "_step": 3}