{"mse": 0.21842735958070036, "lr": 0.0022433965655649993, "_runtime": 1, "_timestamp": 1622095609, "_step": 3}