{"f1": 0.08076031559182334, "macs": 4221081.0, "score_macs": 0.30447324722601776, "score_f1": 0.9031883054521418, "score": 1.2076615526781596, "_runtime": 675, "_timestamp": 1622152701, "_step": 2}