{"f1": 0.07498294409955927, "macs": 4221081.0, "score_macs": 0.30447324722601776, "score_f1": 0.910113948574012, "score": 1.2145871958000298, "_runtime": 643, "_timestamp": 1622155131, "_step": 6}