{"f1": 0.08607679866567874, "macs": 4221081.0, "score_macs": 0.30447324722601776, "score_f1": 0.8968151538411907, "score": 1.2012884010672085, "_runtime": 176, "_timestamp": 1622173718, "_step": 19}