{"f1": 0.09942388573087071, "macs": 4214841.0, "score_macs": 0.3040231461588526, "score_f1": 0.8808152892221641, "score": 1.1848384353810166, "_runtime": 169, "_timestamp": 1622165981, "_step": 6}