{"f1": 0.09591169217285082, "macs": 4214841.0, "score_macs": 0.3040231461588526, "score_f1": 0.8850255428280378, "score": 1.1890486889868903, "_runtime": 190, "_timestamp": 1622170587, "_step": 14}