{"f1": 0.09271935839211315, "macs": 4221081.0, "score_macs": 0.30447324722601776, "score_f1": 0.8888523634714539, "score": 1.1933256106974717, "_runtime": 200, "_timestamp": 1622167078, "_step": 8}