{"f1": 0.23802621955098072, "macs": 291895905.0, "score_macs": 21.054913195773118, "score_f1": 0.7146652846427947, "score": 21.769578480415912, "_runtime": 798, "_timestamp": 1622105459, "_step": 0}