{"f1": 0.20736653384290643, "macs": 36774569.0, "score_f1": 0.7514186839571968, "score_macs": 2.6526078127302575, "score": 3.4040264966874543, "_runtime": 604, "_timestamp": 1622184535, "_step": 2}