{"f1": 0.25903355297912184, "macs": 224128545.0, "score_macs": 16.166746360042048, "score_f1": 0.6894826744436324, "score": 16.85622903448568, "_runtime": 736, "_timestamp": 1622106200, "_step": 1}