{"f1": 0.09955514911828832, "macs": 4214841.0, "score_macs": 0.3040231461588526, "score_f1": 0.8806579368037781, "score": 1.1846810829626309, "_runtime": 171, "_timestamp": 1622170012, "_step": 13}