{"f1": 0.09645517657666616, "macs": 4214841.0, "score_macs": 0.3040231461588526, "score_f1": 0.884374039107329, "score": 1.1883971852661817, "_runtime": 168, "_timestamp": 1622171736, "_step": 16}