{"f1": 0.07845347210897062, "macs": 4214841.0, "score_macs": 0.3040231461588526, "score_f1": 0.9059536416818861, "score": 1.2099767878407386, "_runtime": 180, "_timestamp": 1622159758, "_step": 0}