{"f1": 0.180211038616509, "macs": 119120553.0, "score_f1": 0.7839714233798741, "score_macs": 8.592353850416268, "score": 9.376325273796143, "_runtime": 774, "_timestamp": 1622180836, "_step": 2}