{"f1": 0.08095678931886711, "macs": 4214841.0, "score_macs": 0.3040231461588526, "score_f1": 0.9029527819241583, "score": 1.2069759280830108, "_runtime": 175, "_timestamp": 1622173160, "_step": 18}