{"f1": 0.1823203822930483, "macs": 147059369.0, "score_f1": 0.7814428406940203, "score_macs": 10.607624827488307, "score": 11.389067668182326, "_runtime": 803, "_timestamp": 1622180057, "_step": 2}