{"f1": 0.19955828581688348, "macs": 211759785.0, "score_f1": 0.7607788470188402, "score_macs": 15.27456814281303, "score": 16.03534698983187, "_runtime": 899, "_timestamp": 1622183252, "_step": 2}