{"f1": 0.22107626691435966, "macs": 653321825.0, "score_macs": 47.125136319672166, "score_f1": 0.734984096242676, "score": 47.86012041591484, "_runtime": 968, "_timestamp": 1622103545, "_step": 0}