{"f1": 0.0811128997631006, "macs": 4221081.0, "score_macs": 0.30447324722601776, "score_f1": 0.9027656440145042, "score": 1.207238891240522, "_runtime": 618, "_timestamp": 1622153324, "_step": 3}