{"f1-score": 27.241722060257413, "img_size": 9, "batch_size": 5, "lr": 0.006299510674220453, "_runtime": 1, "_timestamp": 1622107873, "_step": 3}