{"f1": 0.09859553968748126, "macs": 4214841.0, "score_macs": 0.3040231461588526, "score_f1": 0.8818082717723792, "score": 1.1858314179312317, "_runtime": 169, "_timestamp": 1622168900, "_step": 11}