{"f1": 0.1920353034963005, "macs": 119120553.0, "score_f1": 0.7697970468756887, "score_macs": 8.592353850416268, "score": 9.362150897291958, "_runtime": 814, "_timestamp": 1622181655, "_step": 2}