{"f1": 0.0996487882976078, "macs": 4214841.0, "score_macs": 0.3040231461588526, "score_f1": 0.8805456865288807, "score": 1.1845688326877333, "_runtime": 171, "_timestamp": 1622169455, "_step": 12}