{"f1": 0.0991212426453934, "macs": 4214841.0, "score_macs": 0.3040231461588526, "score_f1": 0.8811780836185646, "score": 1.1852012297774173, "_runtime": 163, "_timestamp": 1622166509, "_step": 7}