{"f1": 0.09486174512389527, "macs": 4214841.0, "score_macs": 0.3040231461588526, "score_f1": 0.8862841703141989, "score": 1.1903073164730515, "_runtime": 607, "_timestamp": 1622155743, "_step": 7}