{"f1": 0.04930018357580195, "macs": 4214841.0, "score_macs": 0.3040231461588526, "score_f1": 0.9409012424169241, "score": 1.2449243885757766, "_runtime": 275, "_timestamp": 1622163507, "_step": 2}