{"f1": 0.09970933583686767, "macs": 52949673.0, "score_f1": 0.8804731049665936, "score_macs": 3.819343641561438, "score": 4.699816746528032, "_runtime": 656, "_timestamp": 1622177530, "_step": 2}