{"f1": 0.1933815107190007, "macs": 36774569.0, "score_f1": 0.7681832765296084, "score_macs": 2.6526078127302575, "score": 3.4207910892598656, "_runtime": 689, "_timestamp": 1622182349, "_step": 2}