{"f1": 0.09340350937115525, "macs": 4214841.0, "score_macs": 0.3040231461588526, "score_f1": 0.8880322352299745, "score": 1.192055381388827, "_runtime": 611, "_timestamp": 1622156360, "_step": 8}