{"f1": 0.13838964345096857, "macs": 211759785.0, "score_f1": 0.8341049587017879, "score_macs": 15.27456814281303, "score": 16.108673101514817, "_runtime": 888, "_timestamp": 1622179249, "_step": 2}