{"f1": 0.21259487747312855, "macs": 72065705.0, "score_f1": 0.7451511897948591, "score_macs": 5.198213257452833, "score": 5.943364447247692, "_runtime": 672, "_timestamp": 1622187109, "_step": 2}