{"f1": 0.2754288194744411, "macs": 224128545.0, "score_macs": 16.166746360042048, "score_f1": 0.6698287946841992, "score": 16.836575154726248, "_runtime": 820, "_timestamp": 1622107024, "_step": 2}