{"f1": 0.2105779219654638, "macs": 72065705.0, "score_f1": 0.7475690218587103, "score_macs": 5.198213257452833, "score": 5.945782279311544, "_runtime": 657, "_timestamp": 1622185197, "_step": 2}