{"f1": 0.08512856790146937, "macs": 4221081.0, "score_macs": 0.30447324722601776, "score_f1": 0.8979518485956972, "score": 1.2024250958217149, "_runtime": 173, "_timestamp": 1622165417, "_step": 5}