{"f1": 0.13536412991343588, "macs": 119120553.0, "score_f1": 0.8377318030287271, "score_macs": 8.592353850416268, "score": 9.430085653444996, "_runtime": 821, "_timestamp": 1622178356, "_step": 2}